id,region_name
1779262575,na
1779253170,na
1779239627,na
1779247954,na
1779248889,na
1779249006,na
1779249498,na
1779249708,na
1779251666,na
1779251824,na
1779252517,na
1779252871,na
1779253087,na
1779262624,na
1779253386,na
1779239634,na
1779249674,na
1779250743,na
1779252467,na
1779252836,na
1779253047,na
1779253209,na
1779253352,na
1779262465,na
1779249491,na
1779247976,na
1779253991,na
1779262488,na
1779248292,na
1779248665,na
1779249173,na
1779249714,na
1779251960,na
1779252989,na
1779253153,na
1779253216,na
1779253410,na
1779253754,na
1779253791,na
1779253833,na
1779253843,na
1779253881,na
1779253949,na

1779263405,na
1779254457,na
1779248802,na
1779253474,na
1779253758,na
1779253839,na
1779253865,na
1779254042,na
1779254047,na
1779254192,na
1779254282,na
1779254316,na
1779254361,na
1779254387,na
1779254439,na
1779254261,na
1779263170,na
1779249580,na
1779253069,na
1779253292,na
1779253400,na
1779253742,na
1779253786,na
1779253853,na
1779263538,na
1779248507,na
1779249562,na
1779253192,na
1779253557,na
1779253753,na
1779253845,na
1779253988,na
1779254276,na
1779254360,na
1779254371,na
1779254464,na
1779254616,na
1779254742,na
1779252855,na
1779254095,na
1779254198,na
1779254337,na
1779254430,na
1779254447,na
1779254589,na
1779254694,na

1779264318,na
1779255590,na
1779249106,na
1779253239,na
1779253342,na
1779253772,na
1779253944,na
1779254153,na
1779254320,na
1779254459,na
1779254569,na
1779254757,na
1779254915,na
1779254998,na
1779255132,na
1779255197,na
1779255214,na
1779255336,na
1779255364,na
1779255444,na
1779255454,na
1779264683,na
1779255587,na
1779253603,na
1779253793,na
1779254145,na
1779254462,na
1779254559,na
1779254601,na
1779254748,na
1779254838,na
1779255004,na
1779255017,na
1779255195,na
1779255259,na
1779255275,na
1779255395,na
1779255408,na
1779255485,na
1779255584,na
1779265126,na
1779255829,na
1779249479,na
1779253487,na
1779253855,na
1779254465,na
1779254677,na
1779254749,na
1779254981,na
1779255339,na
1779255378,na
1779255520,na
1779255542,na
1779255579,na
1779255611,na
1779255644,na
1779255819,na
1779265281,na
1779256072,na
1779253836,na
1779254327,na
1779254744,na
1779254914,na
1779255012,na
1779255130,na
1779255331,na
1779255466,na
1779255488,na
1779255576,na
1779255605,na
1779255626,na
1779255704,na
1779255816,na
1779255984,na
1779255992,na
1779256070,na

1779256483,na
1779265216,na
1779255148,na
1779255390,na
1779255601,na
1779255707,na
1779255832,na
1779255868,na
1779255932,na
1779255964,na
1779256007,na
1779256186,na
1779256223,na
1779256247,na
1779256379,na
1779256411,na
1779256420,na
1779256226,na
1779266142,na
1779248642,na
1779253562,na
1779254935,na
1779255123,na
1779255432,na
1779255455,na
1779255715,na
1779256053,na
1779256185,na
1779256645,na
1779265458,na
1779249455,na
1779253768,na
1779253995,na
1779254968,na
1779255209,na
1779255518,na
1779255600,na
1779255721,na
1779255884,na
1779255979,na
1779256156,na
1779256319,na
1779256389,na
1779256482,na
1779256513,na
1779256639,na
1779256783,na
1779254999,na
1779255137,na
1779255419,na
1779255583,na
1779255699,na
1779256041,na
1779256190,na
1779256196,na
1779256338,na
1779256409,na
1779256749,na

1779254403,na
1779254558,na
1779255656,na
1779255758,na
1779256034,na
1779256068,na
1779256250,na
1779256333,na
1779256475,na
1779256506,na
1779256553,na
1779256735,na
1779256796,na
1779256874,na
1779256946,na
1779257113,na
1779257161,na
1779257166,na
1779257209,na
1779257257,na
1779257270,na
1779257276,na
1779257380,na
1779257401,na
1779257567,na
1779257583,na
1779257651,na
1779267052,na
1779257529,na
1779254972,na
1779255272,na
1779255603,na
1779255670,na
1779255741,na
1779255919,na
1779256064,na
1779256140,na
1779256461,na
1779256742,na
1779256886,na
1779256943,na
1779257109,na
1779257206,na
1779257230,na
1779257336,na
1779257422,na
1779257467,na
1779258004,na
1779266987,na
1779254939,na
1779255273,na
1779256151,na
1779256387,na
1779256437,na
1779256974,na
1779257264,na
1779257426,na
1779257535,na
1779257638,na
1779257808,na
1779257841,na
1779257872,na
1779257947,na
1779257774,na
1779266999,na
1779254438,na
1779255920,na
1779256024,na
1779256334,na
1779256802,na
1779256932,na
1779257102,na
1779257341,na
1779257435,na
1779257577,na
1779257602,na
1779257685,na
1779257717,na
1779257768,na

1779258684,na
1779257041,na
1779257313,na
1779257455,na
1779257769,na
1779258119,na
1779258207,na
1779258230,na
1779258235,na
1779258309,na
1779258352,na
1779258376,na
1779258535,na
1779258642,na
1779259268,na
1779257263,na
1779257431,na
1779257544,na
1779257691,na
1779257865,na
1779258002,na
1779258146,na
1779258236,na
1779258258,na
1779258343,na
1779258442,na
1779258559,na
1779258606,na
1779258723,na
1779258740,na
1779258789,na
1779258948,na
1779258994,na
1779259032,na
1779259133,na
1779258626,na
1779255478,na
1779256324,na
1779256397,na
1779256662,na
1779257043,na
1779257836,na
1779258123,na
1779258184,na
1779258232,na
1779258373,na
1779258438,na
1779258548,na
1779258609,na
1779272206,na
1779256224,na
1779257046,na
1779257153,na
1779257378,na
1779257572,na
1779257628,na
1779257641,na
1779257840,na
1779257888,na
1779258212,na
1779258228,na
1779258362,na
1779258432,na
1779258462,na

1779274519,na
1779256930,na
1779257229,na
1779257630,na
1779257943,na
1779258200,na
1779258446,na
1779258510,na
1779258565,na
1779258647,na
1779258718,na
1779258802,na
1779258843,na
1779258955,na
1779259028,na
1779259038,na
1779259099,na
1779259173,na
1779259263,na
1779259292,na
1779259418,na
1779259471,na
1779259499,na
1779259620,na
1779257541,na
1779257650,na
1779258210,na
1779258312,na
1779258512,na
1779258549,na
1779258728,na
1779258787,na
1779258949,na
1779258984,na
1779259131,na
1779259226,na
1779259329,na
1779259416,na
1779259464,na
1779259535,na
1779259555,na
1779259274,na
1779275448,na
1779257300,na
1779257450,na
1779257660,na
1779258298,na
1779258484,na
1779258551,na
1779258731,na
1779258952,na
1779258983,na
1779259120,na
1779259128,na
1779259175,na
1779259220,na
1779259264,na
1779275547,na
1779265556,na
1779258057,na
1779258300,na
1779258649,na
1779258961,na
1779259088,na
1779259141,na
1779259178,na
1779259193,na
1779259246,na
1779259427,na
1779259542,na
1779259598,na
1779259723,na
1779259731,na
1779265185,na

1779257585,na
1779257855,na
1779258779,na
1779259074,na
1779259397,na
1779259411,na
1779259489,na
1779259536,na
1779259602,na
1779265709,na
1779266005,na
1779266240,na
1779266861,na
1779277380,na
1779258498,na
1779259005,na
1779259647,na
1779266620,na
1779266856,na
1779267406,na
1779257830,na
1779258698,na
1779259037,na
1779259474,na
1779259656,na
1779263770,na
1779266172,na
1779266507,na
1779267148,na
1779278326,na
1779258374,na
1779258491,na
1779259314,na
1779259517,na
1779265882,na
1779267027,na
1779267235,na
1779267396,na
1779267475,na
1779267725,na
1779267844,na
1779267921,na
1779268185,na

1779280777,na
1779269208,na
1779257867,na
1779259160,na
1779267525,na
1779267826,na
1779267898,na
1779267900,na
1779268041,na
1779268560,na
1779268683,na
1779268692,na
1779268816,na
1779268952,na
1779269048,na
1779269136,na
1779268454,na
1779259395,na
1779259539,na
1779259637,na
1779267146,na
1779267471,na
1779267630,na
1779267722,na
1779267834,na
1779268182,na
1779268436,na
1779269402,na
1779281060,na
1779258689,na
1779259145,na
1779259642,na
1779267622,na
1779267718,na
1779268015,na
1779268494,na
1779268611,na
1779268635,na
1779268768,na
1779268831,na
1779268953,na
1779269045,na
1779269125,na
1779269214,na
1779269238,na
1779269330,na
1779269399,na
1779282094,na
1779259522,na
1779259673,na
1779267300,na
1779267422,na
1779267593,na
1779267924,na
1779268079,na
1779268383,na
1779268452,na
1779268540,na
1779268754,na
1779268840,na
1779269123,na
1779269237,na
1779269308,na
1779269384,na
1779269501,na
1779269554,na
1779269619,na
1779269665,na

1779282511,na
1779266898,na
1779268057,na
1779268501,na
1779268623,na
1779268965,na
1779269110,na
1779269263,na
1779269563,na
1779269570,na
1779269592,na
1779269597,na
1779269714,na
1779275929,na
1779277121,na
1779259687,na
1779267332,na
1779267729,na
1779267884,na
1779268074,na
1779268858,na
1779269236,na
1779269542,na
1779269718,na
1779275838,na
1779276105,na
1779276919,na
1779277108,na
1779283305,na
1779267210,na
1779267847,na
1779268715,na
1779268812,na
1779268868,na
1779269203,na
1779269324,na
1779269715,na
1779284030,na
1779267255,na
1779268710,na
1779268839,na
1779269129,na
1779269226,na
1779269405,na
1779275425,na
1779275909,na
1779276087,na
1779276390,na
1779276454,na

1779276774,na
1779259550,na
1779268490,na
1779268844,na
1779269051,na
1779269138,na
1779269254,na
1779269726,na
1779275350,na
1779275703,na
1779290418,na
1779278277,na
1779267225,na
1779268765,na
1779269268,na
1779269325,na
1779269378,na
1779269551,na
1779269613,na
1779269671,na
1779275360,na
1779276053,na
1779277218,na
1779277796,na
1779277882,na
1779277984,na
1779278082,na
1779278115,na
1779279557,na
1779291568,na
1779268575,na
1779269398,na
1779276461,na
1779277832,na
1779278061,na
1779278064,na
1779278292,na
1779278411,na
1779278579,na
1779278700,na
1779278852,na
1779278940,na
1779279030,na
1779279130,na
1779279295,na
1779279344,na
1779279381,na
1779279394,na
1779279440,na
1779279475,na
1779279525,na
1779279368,na
1779276722,na
1779277567,na
1779277666,na
1779278301,na
1779278584,na
1779278692,na
1779278928,na
1779279073,na
1779279139,na
1779279199,na
1779279234,na
1779279238,na
1779279302,na

1779292416,na
1779277474,na
1779278078,na
1779278287,na
1779278344,na
1779278456,na
1779278591,na
1779278677,na
1779278763,na
1779278851,na
1779279001,na
1779279051,na
1779279074,na
1779279105,na
1779279138,na
1779279194,na
1779279216,na
1779279287,na
1779279321,na
1779279378,na
1779279416,na
1779279469,na
1779279588,na
1779292519,na
1779278294,na
1779278446,na
1779278499,na
1779278685,na
1779279202,na
1779279242,na
1779279308,na
1779279391,na
1779279527,na
1779279666,na
1779292710,na
1779269644,na
1779277654,na
1779278403,na
1779278488,na
1779279248,na
1779279412,na
1779279625,na
1779292524,na
1779279483,na
1779277853,na
1779278104,na
1779278451,na
1779278803,na
1779279018,na
1779279070,na
1779279301,na
1779279426,na

1779293134,na
1779276938,na
1779277838,na
1779278347,na
1779279060,na
1779279277,na
1779279644,na
1779283275,na
1779285163,na
1779294096,na
1779277999,na
1779278487,na
1779279519,na
1779282720,na
1779283350,na
1779283823,na
1779284042,na
1779284393,na
1779284478,na
1779284553,na
1779284618,na
1779284722,na
1779284759,na
1779284877,na
1779284914,na
1779284938,na
1779285051,na
1779285100,na
1779285106,na
1779294095,na
1779285188,na
1779278335,na
1779278595,na
1779279141,na
1779279461,na
1779283400,na
1779283820,na
1779283983,na
1779284350,na
1779284442,na
1779284479,na
1779284724,na
1779284781,na
1779284841,na
1779284999,na
1779285105,na
1779285167,na
1779294624,na
1779285388,na
1779269269,na
1779279727,na
1779283541,na
1779284414,na
1779284615,na
1779284677,na
1779284730,na
1779284789,na
1779284816,na
1779284840,na
1779285045,na
1779285072,na
1779285149,na
1779285183,na
1779285278,na
1779285298,na
1779285326,na
1779285380,na

1779295284,na
1779279409,na
1779279636,na
1779282522,na
1779283874,na
1779283974,na
1779284515,na
1779284725,na
1779284732,na
1779285006,na
1779285086,na
1779285166,na
1779285264,na
1779285477,na
1779285488,na
1779285606,na
1779285628,na
1779285736,na
1779285805,na
1779285950,na
1779286144,na
1779286156,na
1779286334,na
1779286386,na
1779286394,na
1779286513,na
1779286544,na
1779286564,na
1779286133,na
1779295031,na
1779278325,na
1779279423,na
1779284137,na
1779284387,na
1779284824,na
1779284900,na
1779285247,na
1779285353,na
1779285359,na
1779285440,na
1779285613,na
1779285687,na
1779285866,na
1779285895,na
1779285913,na
1779285935,na
1779285985,na
1779286001,na
1779295400,na
1779285882,na
1779279363,na
1779283451,na
1779284500,na
1779284751,na
1779285005,na
1779285152,na
1779285319,na
1779285542,na
1779285623,na
1779285741,na
1779286348,na
1779295394,na
1779279622,na
1779284293,na
1779284458,na
1779284733,na
1779284935,na
1779285290,na
1779285376,na
1779285424,na
1779285448,na
1779285546,na
1779285657,na
1779285823,na
1779285991,na
1779286118,na
1779286143,na
1779286338,na

1779287582,na
1779296234,na
1779284475,na
1779284626,na
1779284775,na
1779285382,na
1779285540,na
1779285689,na
1779285785,na
1779285871,na
1779285886,na
1779285948,na
1779286025,na
1779286164,na
1779286517,na
1779286995,na
1779287071,na
1779287079,na
1779287101,na
1779287124,na
1779287187,na
1779287194,na
1779287244,na
1779287351,na
1779287405,na
1779287414,na
1779287554,na
1779287568,na
1779295989,na
1779286633,na
1779283703,na
1779284631,na
1779284891,na
1779285189,na
1779285208,na
1779285274,na
1779285543,na
1779285627,na
1779285653,na
1779285790,na
1779285925,na
1779286134,na
1779286326,na
1779286366,na
1779286456,na
1779286536,na
1779286610,na
1779286616,na
1779287606,na
1779284487,na
1779286234,na
1779286352,na
1779286393,na
1779286474,na
1779286647,na
1779286796,na
1779286863,na
1779286910,na
1779286987,na
1779287002,na
1779287125,na
1779287198,na
1779287274,na
1779287355,na
1779287404,na
1779287577,na
1779287903,na
1779297021,na
1779285384,na
1779285507,na
1779285688,na
1779285921,na
1779286114,na
1779286231,na
1779286320,na
1779286470,na
1779286626,na
1779286782,na
1779286802,na
1779286930,na
1779287070,na
1779287264,na
1779287375,na
1779287591,na
1779287599,na
1779287619,na
1779287677,na
1779287830,na
1779287853,na

1779288678,na
1779286123,na
1779286408,na
1779286417,na
1779286523,na
1779286812,na
1779287072,na
1779287226,na
1779287345,na
1779287561,na
1779287847,na
1779287909,na
1779287996,na
1779288053,na
1779288059,na
1779288162,na
1779288251,na
1779288354,na
1779288525,na
1779288594,na
1779288641,na
1779288652,na
1779288662,na
1779288672,na
1779288621,na
1779301490,na
1779284674,na
1779285322,na
1779286475,na
1779286606,na
1779286623,na
1779286641,na
1779286911,na
1779287085,na
1779287403,na
1779287422,na
1779287470,na
1779287537,na
1779287701,na
1779287788,na
1779287842,na
1779287963,na
1779288049,na
1779288122,na
1779288169,na
1779288187,na
1779288226,na
1779288241,na
1779288289,na
1779288325,na
1779288424,na
1779288608,na
1779285968,na
1779286191,na
1779286257,na
1779286719,na
1779286783,na
1779287098,na
1779287146,na
1779287191,na
1779287302,na
1779287342,na
1779287432,na
1779287482,na
1779287566,na
1779287781,na
1779287821,na
1779287910,na
1779287934,na
1779287977,na
1779288057,na
1779288073,na
1779288186,na
1779288222,na
1779288301,na
1779288410,na
1779288591,na
1779288670,na
1779288714,na
1779288809,na
1779288830,na
1779288896,na
1779289055,na
1779303885,na
1779285722,na
1779285964,na
1779286005,na
1779286986,na
1779287126,na
1779287188,na
1779287343,na
1779287479,na
1779287779,na
1779287983,na
1779288117,na
1779288220,na
1779288270,na
1779288352,na
1779288359,na
1779288602,na
1779288617,na
1779288657,na
1779288733,na
1779288767,na
1779288829,na
1779288984,na
1779288994,na

1779304890,na
1779294454,na
1779286427,na
1779287177,na
1779287845,na
1779288151,na
1779288173,na
1779288223,na
1779288503,na
1779288665,na
1779288718,na
1779288827,na
1779288981,na
1779289074,na
1779289119,na
1779289123,na
1779289216,na
1779289308,na
1779289396,na
1779289423,na
1779289474,na
1779289650,na
1779293482,na
1779294232,na
1779305239,na
1779289312,na
1779287123,na
1779287444,na
1779287553,na
1779287571,na
1779287804,na
1779287833,na
1779287875,na
1779287884,na
1779288103,na
1779288216,na
1779288287,na
1779288348,na
1779288512,na
1779288675,na
1779288725,na
1779288885,na
1779289064,na
1779289104,na
1779289218,na
1779295790,na
1779285475,na
1779287088,na
1779287300,na
1779287544,na
1779287773,na
1779287856,na
1779288324,na
1779288599,na
1779288676,na
1779288992,na
1779289072,na
1779289212,na
1779289476,na
1779289572,na
1779289632,na
1779294089,na
1779294532,na
1779295211,na
1779295703,na
1779306655,na
1779284657,na
1779287186,na
1779288072,na
1779288249,na
1779288699,na
1779288875,na
1779288977,na
1779289044,na
1779289283,na
1779289469,na
1779289573,na
1779289646,na
1779295199,na
1779296467,na
1779296582,na
1779296740,na
1779296786,na
1779296854,na

1779307265,na
1779286997,na
1779287377,na
1779288607,na
1779288660,na
1779288900,na
1779289271,na
1779289398,na
1779289433,na
1779289470,na
1779289534,na
1779289653,na
1779295707,na
1779295862,na
1779296497,na
1779296658,na
1779296884,na
1779297042,na
1779297108,na
1779297299,na
1779297433,na
1779297545,na
1779297623,na
1779307291,na
1779298115,na
1779286849,na
1779287169,na
1779288203,na
1779288758,na
1779289058,na
1779289292,na
1779289501,na
1779289530,na
1779296485,na
1779296785,na
1779296869,na
1779297105,na
1779297366,na
1779297464,na
1779297479,na
1779297590,na
1779297931,na
1779287148,na
1779288062,na
1779288166,na
1779288651,na
1779288742,na
1779288901,na
1779289041,na
1779289061,na
1779289197,na
1779289278,na
1779289314,na
1779289662,na
1779295875,na
1779296239,na
1779296433,na
1779297001,na
1779297236,na
1779297256,na
1779297468,na
1779297481,na
1779297529,na
1779297544,na
1779297843,na
1779297868,na
1779297884,na
1779308138,na
1779297194,na
1779288807,na
1779288891,na
1779289214,na
1779289432,na
1779289562,na
1779296048,na
1779297014,na

1779298268,na
1779309853,na
1779288504,na
1779289117,na
1779296778,na
1779296878,na
1779297153,na
1779297369,na
1779297422,na
1779297811,na
1779297869,na
1779298028,na
1779311653,na
1779299566,na
1779287799,na
1779289397,na
1779296298,na
1779296937,na
1779297328,na
1779297608,na
1779297822,na
1779298055,na
1779298277,na
1779298409,na
1779298495,na
1779298668,na
1779298761,na
1779298791,na
1779298848,na
1779298887,na
1779298940,na
1779299010,na
1779299119,na
1779299189,na
1779299301,na
1779299329,na
1779299443,na
1779312322,na
1779288309,na
1779288907,na
1779296579,na
1779297619,na
1779298396,na
1779298513,na
1779298528,na
1779298677,na
1779298788,na
1779298849,na
1779298939,na
1779299314,na
1779299387,na
1779299401,na
1779299487,na
1779299574,na
1779299587,na
1779299665,na
1779299673,na
1779299694,na
1779299706,na
1779312296,na
1779304752,na
1779289401,na
1779289477,na
1779297483,na
1779297914,na
1779298041,na
1779298478,na
1779298486,na
1779298683,na
1779298819,na
1779298988,na
1779299160,na
1779299305,na
1779299395,na
1779299441,na
1779299458,na
1779299554,na
1779299590,na
1779299671,na
1779299717,na

1779313705,na
1779305939,na
1779296031,na
1779297362,na
1779298682,na
1779299135,na
1779299394,na
1779299450,na
1779299469,na
1779299641,na
1779299666,na
1779299713,na
1779304472,na
1779307425,na
1779289249,na
1779296601,na
1779297860,na
1779298031,na
1779298505,na
1779298740,na
1779298810,na
1779298950,na
1779299161,na
1779299363,na
1779299578,na
1779304294,na
1779306433,na
1779306935,na
1779307027,na
1779307316,na
1779307824,na
1779298752,na
1779299320,na
1779299507,na
1779299521,na
1779306924,na
1779307517,na
1779307645,na
1779308203,na
1779319988,na
1779288064,na
1779298603,na
1779298735,na
1779299176,na
1779299512,na
1779299731,na
1779306750,na
1779306974,na
1779307276,na
1779307345,na
1779307531,na
1779307792,na
1779307923,na
1779307992,na
1779308099,na

1779309251,na
1779299137,na
1779299309,na
1779299464,na
1779299647,na
1779299734,na
1779304238,na
1779305581,na
1779306020,na
1779306670,na
1779307457,na
1779307817,na
1779307852,na
1779308038,na
1779308167,na
1779308292,na
1779308636,na
1779308846,na
1779308902,na
1779309094,na
1779309140,na
1779309161,na
1779309192,na
1779309197,na
1779309209,na
1779309463,na
1779321756,na
1779299495,na
1779304049,na
1779307005,na
1779307344,na
1779307798,na
1779307991,na
1779308069,na
1779308123,na
1779308367,na
1779308475,na
1779308918,na
1779308983,na
1779309102,na
1779309146,na
1779309223,na
1779309275,na
1779309704,na
1779322308,na
1779298984,na
1779299346,na
1779299676,na
1779307438,na
1779307565,na
1779307908,na
1779308204,na
1779308622,na
1779308678,na
1779309050,na
1779309101,na
1779309116,na
1779309270,na
1779309394,na
1779309472,na
1779309520,na
1779309586,na
1779309603,na
1779309645,na
1779322605,na
1779298991,na
1779299425,na
1779299460,na
1779307496,na
1779307620,na
1779307993,na
1779308480,na
1779308553,na
1779308630,na
1779308867,na
1779308973,na
1779309202,na
1779309385,na
1779309465,na
1779309530,na
1779309581,na
1779309599,na
1779309655,na
1779309706,na
1779309719,na

1779323166,na
1779313737,na
1779299386,na
1779307428,na
1779308193,na
1779308554,na
1779308687,na
1779308858,na
1779308986,na
1779309218,na
1779309351,na
1779309449,na
1779312889,na
1779313148,na
1779313366,na
1779313469,na
1779313706,na
1779322903,na
1779298899,na
1779299436,na
1779299576,na
1779308017,na
1779308491,na
1779308703,na
1779308852,na
1779309168,na
1779309248,na
1779309331,na
1779309355,na
1779309478,na
1779309579,na
1779323782,na
1779299499,na
1779307538,na
1779308438,na
1779308922,na
1779309195,na
1779309469,na
1779309582,na
1779311058,na
1779312160,na
1779312469,na
1779313497,na
1779313693,na
1779313927,na
1779314134,na
1779314149,na
1779314390,na
1779314476,na
1779314794,na
1779314960,na
1779323644,na
1779308533,na
1779308834,na
1779308913,na
1779309356,na
1779312795,na
1779313308,na
1779313518,na
1779313596,na
1779313694,na
1779313892,na
1779314063,na
1779314251,na
1779314290,na
1779314416,na
1779314720,na
1779314774,na
1779314909,na

1779315084,na
1779309167,na
1779309473,na
1779312053,na
1779313969,na
1779314288,na
1779314796,na
1779314907,na
1779314944,na
1779315001,na
1779315080,na
1779324792,na
1779315473,na
1779307512,na
1779308451,na
1779309100,na
1779309658,na
1779311671,na
1779313046,na
1779313908,na
1779314453,na
1779314582,na
1779314727,na
1779314739,na
1779314956,na
1779315007,na
1779315121,na
1779315160,na
1779315245,na
1779315316,na
1779315406,na
1779324671,na
1779316025,na
1779308368,na
1779313745,na
1779313820,na
1779314207,na
1779314255,na
1779314576,na
1779314724,na
1779314771,na
1779314786,na
1779314953,na
1779314980,na
1779315174,na
1779315531,na
1779315598,na
1779315698,na
1779315728,na
1779315743,na
1779315764,na
1779315776,na
1779315896,na
1779315966,na
1779315485,na
1779325063,na
1779308873,na
1779309373,na
1779313828,na
1779314580,na
1779314906,na
1779314959,na
1779315025,na
1779315222,na
1779315307,na
1779315385,na
1779315418,na

1779326117,na
1779309482,na
1779314745,na
1779314997,na
1779315625,na
1779315661,na
1779315823,na
1779315884,na
1779316200,na
1779316274,na
1779316371,na
1779316591,na
1779316731,na
1779316770,na
1779316828,na
1779316888,na
1779316909,na
1779316917,na
1779316958,na
1779317003,na
1779317026,na
1779326282,na
1779309403,na
1779313371,na
1779314579,na
1779315309,na
1779315315,na
1779315524,na
1779315601,na
1779315721,na
1779315814,na
1779315994,na
1779316100,na
1779316154,na
1779316160,na
1779316278,na
1779316392,na
1779316403,na
1779316485,na
1779316553,na
1779316673,na
1779316702,na
1779316776,na
1779316829,na
1779316881,na
1779316969,na
1779316977,na
1779316994,na
1779317007,na
1779317030,na
1779317093,na
1779317105,na
1779317388,na
1779325986,na
1779316754,na
1779309585,na
1779313130,na
1779313758,na
1779314469,na
1779315039,na
1779315151,na
1779315238,na
1779315521,na
1779315626,na
1779315706,na
1779316053,na
1779316183,na
1779316210,na
1779316279,na
1779316481,na
1779316494,na
1779316668,na
1779316722,na
1779316749,na
1779326875,na
1779317942,na
1779314241,na
1779314725,na
1779315031,na
1779315475,na
1779315828,na
1779315894,na
1779316128,na
1779316256,na
1779316335,na
1779316523,na
1779316529,na
1779316672,na
1779316704,na
1779316779,na
1779316964,na
1779317029,na
1779317376,na
1779317488,na
1779317517,na
1779317523,na
1779317577,na
1779317645,na
1779317763,na
1779317905,na

1779318294,na
1779327717,na
1779314301,na
1779316115,na
1779316323,na
1779316497,na
1779316519,na
1779316997,na
1779317536,na
1779317566,na
1779317641,na
1779317648,na
1779317750,na
1779317755,na
1779317783,na
1779317834,na
1779317889,na
1779317930,na
1779317968,na
1779318200,na
1779318230,na
1779318240,na
1779318265,na
1779318281,na
1779328131,na
1779318588,na
1779315308,na
1779315903,na
1779316349,na
1779316533,na
1779316753,na
1779316861,na
1779316887,na
1779317541,na
1779317578,na
1779317633,na
1779317825,na
1779317848,na
1779317934,na
1779317959,na
1779318039,na
1779318061,na
1779318086,na
1779318153,na
1779318166,na
1779318213,na
1779318223,na
1779318269,na
1779318279,na
1779318288,na
1779318438,na
1779318471,na
1779318521,na
1779318841,na
1779328324,na
1779313476,na
1779315961,na
1779316595,na
1779317081,na
1779317323,na
1779317575,na
1779317853,na
1779317940,na
1779317947,na
1779317971,na
1779318026,na
1779318041,na
1779318117,na
1779318165,na
1779318232,na
1779318291,na
1779318530,na
1779318533,na
1779318580,na
1779318635,na
1779318662,na
1779318734,na
1779318796,na
1779319376,na
1779315654,na
1779316102,na
1779316332,na
1779316404,na
1779316556,na
1779316755,na
1779316947,na
1779317085,na
1779317298,na
1779317372,na
1779317639,na
1779317824,na
1779317932,na
1779317975,na
1779318022,na
1779318106,na
1779318158,na
1779318431,na
1779318526,na
1779318603,na
1779318655,na
1779318784,na
1779318862,na
1779318894,na
1779318941,na
1779318980,na
1779319130,na
1779319153,na
1779319282,na
1779319298,na
1779319370,na

1779319281,na
1779315283,na
1779315711,na
1779315877,na
1779316320,na
1779316390,na
1779317024,na
1779317311,na
1779317385,na
1779317481,na
1779317747,na
1779317901,na
1779317933,na
1779318160,na
1779318209,na
1779318454,na
1779318472,na
1779318646,na
1779318771,na
1779318808,na
1779318858,na
1779318912,na
1779318923,na
1779319047,na
1779319077,na
1779319157,na
1779319195,na
1779319211,na
1779334549,na
1779315410,na
1779315880,na
1779316581,na
1779316696,na
1779316949,na
1779317386,na
1779317921,na
1779318025,na
1779318176,na
1779318217,na
1779318450,na
1779318520,na
1779318565,na
1779318679,na
1779318837,na
1779318916,na
1779318969,na
1779319019,na
1779319209,na
1779319234,na
1779319289,na
1779319372,na
1779319434,na
1779319489,na
1779319510,na
1779319529,na
1779319566,na
1779319588,na
1779319705,na
1779319715,na
1779335282,na
1779316153,na
1779316331,na
1779316599,na
1779316796,na
1779317097,na
1779317295,na
1779317465,na
1779317545,na
1779317636,na
1779317767,na
1779317911,na
1779318141,na
1779318444,na
1779318453,na
1779318523,na
1779318581,na
1779318599,na
1779318648,na
1779318798,na
1779318944,na
1779318974,na
1779319079,na
1779319201,na
1779319223,na
1779319304,na
1779319432,na
1779319447,na
1779319462,na
1779319608,na
1779319692,na
1779319719,na
1779336337,na
1779326190,na
1779315800,na
1779315962,na
1779318196,na
1779318244,na
1779318430,na
1779318488,na
1779318659,na
1779318733,na
1779318844,na
1779318913,na
1779318957,na
1779319041,na
1779319151,na
1779319233,na
1779319310,na
1779319442,na
1779319533,na
1779319584,na
1779319595,na
1779319687,na
1779319691,na
1779319700,na
1779319734,na
1779324604,na
1779325212,na
1779325277,na
1779325526,na
1779325670,na
1779326054,na

1779337712,na
1779327741,na
1779316406,na
1779317377,na
1779317478,na
1779317642,na
1779318091,na
1779318247,na
1779318513,na
1779318610,na
1779318641,na
1779318730,na
1779318804,na
1779318891,na
1779319045,na
1779319461,na
1779319547,na
1779319593,na
1779319686,na
1779325846,na
1779326357,na
1779326483,na
1779326612,na
1779326804,na
1779327013,na
1779327038,na
1779327165,na
1779327249,na
1779327328,na
1779327391,na
1779327737,na
1779326876,na
1779337850,na
1779318518,na
1779318795,na
1779318877,na
1779319353,na
1779319435,na
1779319505,na
1779319720,na
1779324195,na
1779325144,na
1779325962,na
1779326210,na
1779326495,na
1779326592,na
1779326675,na
1779326805,na
1779328226,na
1779316029,na
1779316559,na
1779316971,na
1779317543,na
1779318267,na
1779318883,na
1779319206,na
1779319550,na
1779319613,na
1779325365,na
1779325543,na
1779326469,na
1779326801,na
1779326900,na
1779327124,na
1779327179,na
1779327621,na
1779327640,na
1779327912,na
1779328011,na
1779328054,na
1779328149,na
1779339529,na
1779327329,na
1779317454,na
1779317771,na
1779318036,na
1779318149,na
1779318582,na
1779318615,na
1779318972,na
1779319490,na
1779319506,na
1779319546,na
1779324350,na
1779325880,na
1779326905,na

1779328687,na
1779318525,na
1779318593,na
1779319052,na
1779319502,na
1779319615,na
1779326576,na
1779327121,na
1779327163,na
1779327300,na
1779327427,na
1779327809,na
1779327860,na
1779328108,na
1779328295,na
1779328383,na
1779328563,na
1779328616,na
1779328654,na
1779342340,na
1779335361,na
1779318418,na
1779319136,na
1779319348,na
1779319562,na
1779326351,na
1779327075,na
1779327134,na
1779327269,na
1779327498,na
1779327974,na
1779328235,na
1779328272,na
1779328370,na
1779328595,na
1779328633,na
1779328767,na
1779328867,na
1779329148,na
1779329170,na
1779329250,na
1779329410,na
1779329513,na
1779329719,na
1779329727,na
1779342735,na
1779317831,na
1779318539,na
1779319364,na
1779319611,na
1779326122,na
1779326507,na
1779327729,na
1779327914,na
1779328227,na
1779328249,na
1779328298,na
1779328441,na
1779328575,na
1779329288,na
1779329347,na
1779329509,na
1779329720,na
1779334917,na
1779343397,na
1779318102,na
1779319227,na
1779319714,na
1779326006,na
1779327924,na
1779328132,na
1779328317,na
1779328635,na
1779328802,na
1779329033,na
1779329278,na
1779329391,na
1779329419,na
1779329504,na

1779327622,na
1779328395,na
1779328620,na
1779329490,na
1779334333,na
1779336982,na
1779337547,na
1779337619,na
1779337720,na
1779337762,na
1779337801,na
1779337829,na
1779349948,na
1779327184,na
1779328400,na
1779329411,na
1779335914,na
1779336326,na
1779336493,na
1779336775,na
1779336906,na
1779337011,na
1779337054,na
1779337236,na
1779337601,na
1779337738,na
1779337856,na
1779337948,na
1779338035,na
1779338166,na
1779337440,na
1779326934,na
1779328375,na
1779329006,na
1779329283,na
1779329496,na
1779335975,na
1779336822,na
1779336993,na
1779337314,na
1779339650,na
1779351456,na
1779329078,na
1779329341,na
1779329734,na
1779335926,na
1779336777,na
1779337069,na
1779337709,na
1779337869,na
1779338139,na
1779338761,na
1779338848,na
1779338996,na
1779339056,na
1779339087,na
1779339317,na
1779339330,na
1779339361,na
1779339410,na
1779339486,na
1779339534,na
1779339541,na
1779339554,na
1779339605,na
1779339636,na

1779351925,na
1779341445,na
1779328159,na
1779328261,na
1779329360,na
1779329485,na
1779337324,na
1779337553,na
1779337732,na
1779338030,na
1779338170,na
1779338978,na
1779339130,na
1779339393,na
1779339456,na
1779340478,na
1779340527,na
1779340737,na
1779341009,na
1779341209,na
1779351861,na
1779339637,na
1779318443,na
1779327712,na
1779337900,na
1779338462,na
1779339057,na
1779339301,na
1779339338,na
1779339469,na
1779339546,na
1779339596,na
1779352093,na
1779341299,na
1779338150,na
1779338254,na
1779338550,na
1779338630,na
1779338652,na
1779338932,na
1779339073,na
1779339141,na
1779339555,na
1779339626,na
1779339644,na
1779340373,na
1779343553,na
1779353118,na
1779336586,na
1779337799,na
1779338591,na
1779339350,na
1779339460,na
1779340598,na
1779342198,na
1779342455,na
1779342482,na
1779342701,na
1779342906,na
1779342942,na
1779343287,na
1779343394,na
1779343471,na
1779343548,na

1779353303,na
1779343772,na
1779338762,na
1779338942,na
1779339051,na
1779339145,na
1779339334,na
1779339425,na
1779339468,na
1779339613,na
1779342494,na
1779343149,na
1779343326,na
1779343642,na
1779343700,na
1779344403,na
1779354297,na
1779329032,na
1779337245,na
1779337987,na
1779338240,na
1779338980,na
1779339100,na
1779339698,na
1779341952,na
1779342539,na
1779343151,na
1779343281,na
1779343362,na
1779343541,na
1779343555,na
1779343677,na
1779343942,na
1779344098,na
1779344105,na
1779344137,na
1779344218,na
1779344245,na
1779344302,na
1779345137,na
1779337187,na
1779337674,na
1779338000,na
1779339065,na
1779339628,na
1779341658,na
1779342733,na
1779343142,na
1779343328,na
1779343625,na
1779343747,na
1779343814,na
1779344155,na
1779344181,na
1779344209,na
1779344299,na
1779344399,na
1779344408,na
1779344497,na
1779344502,na
1779344680,na
1779344699,na
1779344752,na
1779344778,na
1779344813,na
1779344904,na
1779354180,na
1779344713,na
1779338947,na
1779339090,na
1779339326,na
1779340194,na
1779342771,na
1779343322,na
1779343622,na
1779343810,na
1779343964,na
1779344038,na
1779344175,na
1779344241,na
1779344410,na
1779344624,na

1779346026,na
1779355138,na
1779338354,na
1779339388,na
1779339598,na
1779343707,na
1779343869,na
1779344228,na
1779344541,na
1779344671,na
1779344751,na
1779344787,na
1779345060,na
1779345125,na
1779345264,na
1779345314,na
1779345401,na
1779345523,na
1779345595,na
1779345651,na
1779345675,na
1779345817,na
1779346071,na
1779355256,na
1779338960,na
1779342239,na
1779343748,na
1779343890,na
1779344704,na
1779344847,na
1779345134,na
1779345246,na
1779345280,na
1779345492,na
1779345591,na
1779345748,na
1779345832,na
1779345946,na
1779345985,na
1779346024,na
1779346060,na
1779355889,na
1779343846,na
1779343877,na
1779344135,na
1779344426,na
1779344517,na
1779344534,na
1779344753,na
1779344830,na
1779345149,na
1779345283,na
1779345349,na
1779345416,na
1779345447,na
1779345613,na
1779345826,na
1779345958,na
1779346028,na
1779346183,na
1779346218,na
1779346234,na
1779346356,na
1779346421,na
1779346470,na
1779346486,na
1779346627,na
1779346702,na
1779346831,na
1779346475,na
1779355707,na
1779343758,na
1779343836,na
1779344121,na
1779344278,na
1779344423,na
1779344819,na
1779345111,na
1779345265,na
1779345285,na
1779345319,na
1779345500,na
1779345655,na
1779345751,na
1779345830,na
1779345969,na
1779346237,na
1779346261,na
1779346365,na
1779346433,na

1779347814,na
1779343563,na
1779343823,na
1779344211,na
1779344623,na
1779344758,na
1779344918,na
1779345043,na
1779345275,na
1779345413,na
1779345483,na
1779346035,na
1779346082,na
1779346190,na
1779346217,na
1779346251,na
1779346428,na
1779346489,na
1779346590,na
1779346682,na
1779346807,na
1779346938,na
1779347037,na
1779347119,na
1779347309,na
1779347675,na
1779347716,na
1779348017,na
1779343554,na
1779343690,na
1779344081,na
1779345249,na
1779345426,na
1779345610,na
1779346023,na
1779346070,na
1779346178,na
1779346491,na
1779346556,na
1779346589,na
1779346647,na
1779346706,na
1779346746,na
1779346930,na
1779346979,na
1779346998,na
1779347080,na
1779347107,na
1779347147,na
1779347303,na
1779347518,na
1779347684,na
1779347743,na
1779347758,na
1779347823,na
1779347836,na
1779347874,na
1779347904,na
1779347746,na
1779344823,na
1779345643,na
1779346262,na
1779346336,na
1779346559,na
1779346940,na
1779347005,na
1779347092,na
1779347144,na
1779347335,na
1779347542,na
1779347557,na
1779347683,na
1779347701,na
1779347744,na
1779363750,na
1779344146,na
1779345434,na
1779345834,na
1779346432,na
1779346507,na
1779346635,na
1779346774,na
1779346971,na
1779347021,na
1779347110,na
1779347437,na
1779347633,na
1779347673,na
1779347718,na
1779347738,na
1779347826,na
1779347881,na
1779347900,na
1779348012,na
1779348145,na
1779348152,na
1779348197,na
1779348334,na
1779348350,na
1779348361,na
1779348427,na
1779348523,na
1779348547,na
1779348674,na
1779348690,na
1779348735,na
1779348770,na

1779348678,na
1779344434,na
1779345417,na
1779346018,na
1779346333,na
1779346557,na
1779346653,na
1779347175,na
1779347302,na
1779347369,na
1779347446,na
1779347517,na
1779347535,na
1779347791,na
1779347816,na
1779347896,na
1779347944,na
1779348045,na
1779348136,na
1779348415,na
1779348441,na
1779348510,na
1779348533,na
1779348559,na
1779348623,na
1779348676,na
1779349404,na
1779364795,na
1779346416,na
1779346549,na
1779347016,na
1779347354,na
1779347908,na
1779347935,na
1779348103,na
1779348123,na
1779348492,na
1779348525,na
1779348554,na
1779348637,na
1779348773,na
1779349146,na
1779349237,na
1779349287,na
1779349303,na
1779349342,na
1779349588,na
1779365230,na
1779344788,na
1779345273,na
1779345504,na
1779346558,na
1779346964,na
1779347337,na
1779347465,na
1779347625,na
1779347737,na
1779347933,na
1779348039,na
1779348086,na
1779348135,na
1779348167,na
1779348174,na
1779348401,na
1779348484,na
1779348626,na
1779348695,na
1779348702,na
1779348757,na
1779349029,na
1779349126,na
1779349195,na
1779349212,na
1779349281,na
1779349297,na
1779349344,na
1779349395,na
1779349415,na
1779349501,na
1779349535,na
1779365290,na
1779344091,na
1779345489,na
1779346965,na
1779347298,na
1779347384,na
1779347523,na
1779347674,na
1779347703,na
1779347804,na
1779347822,na
1779347939,na
1779348153,na
1779348178,na
1779348345,na
1779348398,na
1779348425,na
1779348630,na
1779348688,na
1779348743,na
1779349122,na
1779349148,na
1779349238,na
1779349312,na
1779349349,na
1779349407,na

1779366636,na
1779346215,na
1779346367,na
1779346934,na
1779347182,na
1779347602,na
1779347661,na
1779347722,na
1779347800,na
1779348157,na
1779348349,na
1779348561,na
1779348650,na
1779348835,na
1779348899,na
1779349022,na
1779349166,na
1779349198,na
1779349219,na
1779349228,na
1779349367,na
1779349377,na
1779349460,na
1779349469,na
1779349488,na
1779349525,na
1779349579,na
1779349604,na
1779349665,na
1779356500,na
1779347090,na
1779347606,na
1779347941,na
1779348108,na
1779348440,na
1779348568,na
1779348681,na
1779349173,na
1779349203,na
1779349230,na
1779349357,na
1779349686,na
1779352972,na
1779354054,na
1779355217,na
1779355751,na
1779356009,na
1779356063,na
1779356093,na
1779356324,na
1779356418,na
1779368226,na
1779357285,na
1779347367,na
1779347594,na
1779348405,na
1779348466,na
1779348753,na
1779348834,na
1779349149,na
1779349376,na
1779349554,na
1779349594,na
1779355590,na
1779355888,na
1779356615,na
1779357115,na
1779357252,na
1779368897,na
1779347285,na
1779347827,na
1779348267,na
1779348622,na
1779348857,na
1779349123,na
1779349361,na
1779349401,na
1779349493,na
1779354726,na
1779355286,na
1779356054,na
1779356225,na
1779356312,na
1779356376,na
1779356481,na
1779356750,na

1779357974,na
1779370851,na
1779348360,na
1779348619,na
1779349160,na
1779349459,na
1779349573,na
1779354189,na
1779355528,na
1779356019,na
1779356412,na
1779356529,na
1779356721,na
1779356745,na
1779356973,na
1779357286,na
1779357409,na
1779357468,na
1779357846,na
1779357909,na
1779358449,na
1779348023,na
1779348378,na
1779348447,na
1779348536,na
1779348751,na
1779349351,na
1779354384,na
1779355496,na
1779356362,na
1779356591,na
1779357091,na
1779357196,na
1779357215,na
1779357288,na
1779357640,na
1779357730,na
1779357865,na
1779357929,na
1779358060,na
1779358089,na
1779358175,na
1779358312,na
1779358319,na
1779358447,na
1779372350,na
1779348434,na
1779349596,na
1779356718,na
1779357383,na
1779357611,na
1779357702,na
1779357864,na
1779357902,na
1779357986,na
1779358155,na
1779358294,na
1779358428,na
1779358476,na
1779358551,na
1779358565,na
1779358639,na
1779358671,na
1779358699,na
1779358772,na
1779358908,na
1779358918,na
1779359052,na
1779359107,na
1779359138,na
1779372687,na
1779359598,na
1779348767,na
1779348846,na
1779349310,na
1779349413,na
1779355670,na
1779357496,na
1779357737,na
1779358079,na
1779358302,na
1779358392,na
1779358443,na
1779358708,na
1779358756,na
1779358899,na
1779358996,na
1779359013,na
1779359033,na
1779359078,na
1779359132,na
1779359274,na
1779359312,na
1779359377,na
1779359395,na
1779359421,na

1779374362,na
1779359251,na
1779349008,na
1779349472,na
1779349591,na
1779356720,na
1779357603,na
1779357918,na
1779357982,na
1779358475,na
1779358554,na
1779358928,na
1779359006,na
1779359111,na
1779359141,na
1779366163,na
1779348448,na
1779348768,na
1779357127,na
1779357185,na
1779357705,na
1779358313,na
1779358481,na
1779358700,na
1779358748,na
1779358775,na
1779358855,na
1779359015,na
1779359124,na
1779359390,na
1779359511,na
1779359593,na
1779359631,na
1779359699,na
1779368736,na
1779348993,na
1779358160,na
1779358632,na
1779358733,na
1779358900,na
1779358966,na
1779359235,na
1779359321,na
1779359463,na
1779359539,na
1779359629,na
1779359674,na
1779359700,na
1779365924,na
1779366082,na
1779366353,na
1779366630,na
1779366831,na
1779367893,na
1779368146,na
1779368517,na
1779368645,na
1779368719,na
1779348085,na
1779357268,na
1779358138,na
1779358247,na
1779358402,na
1779358462,na
1779358668,na
1779358755,na
1779359004,na
1779359360,na
1779359527,na
1779365362,na
1779366094,na
1779366991,na
1779367840,na
1779368336,na
1779368378,na
1779368504,na

1779349463,na
1779354981,na
1779358816,na
1779359011,na
1779359121,na
1779359271,na
1779359323,na
1779359419,na
1779359489,na
1779367034,na
1779367694,na
1779367938,na
1779368152,na
1779368386,na
1779368507,na
1779368904,na
1779369443,na
1779369729,na
1779371456,na
1779371973,na
1779372204,na
1779381462,na
1779371939,na
1779358173,na
1779358629,na
1779358861,na
1779359324,na
1779359500,na
1779359585,na
1779368313,na
1779368383,na
1779368972,na
1779369094,na
1779369188,na
1779369353,na
1779369378,na
1779370841,na
1779371115,na
1779371696,na
1779371893,na
1779379915,na
1779349167,na
1779358640,na
1779359589,na
1779367500,na
1779368178,na
1779368579,na
1779368740,na
1779368850,na
1779369089,na
1779369301,na
1779369544,na
1779369620,na
1779373232,na
1779358468,na
1779359365,na
1779359493,na
1779359683,na
1779369364,na
1779369640,na
1779369686,na
1779371564,na
1779371925,na
1779372616,na
1779372752,na
1779372976,na
1779373076,na

1779383368,na
1779373650,na
1779357844,na
1779359296,na
1779359430,na
1779368816,na
1779369253,na
1779369322,na
1779369621,na
1779372119,na
1779372452,na
1779372688,na
1779373005,na
1779373040,na
1779373176,na
1779373288,na
1779373419,na
1779374553,na
1779383235,na
1779359496,na
1779367121,na
1779369187,na
1779369380,na
1779372463,na
1779373051,na
1779373088,na
1779373191,na
1779373330,na
1779373373,na
1779373637,na
1779373773,na
1779373799,na
1779373852,na
1779374097,na
1779374159,na
1779374275,na
1779374356,na
1779374376,na
1779374412,na
1779374476,na
1779374510,na
1779383683,na
1779374919,na
1779368670,na
1779369460,na
1779369520,na
1779372349,na
1779372700,na
1779372857,na
1779373070,na
1779373443,na
1779373482,na
1779373706,na
1779373919,na
1779374021,na
1779374141,na
1779374193,na
1779374256,na
1779374296,na
1779374420,na
1779374673,na
1779374774,na
1779374840,na
1779374882,na
1779383601,na
1779374656,na
1779358052,na
1779358378,na
1779369524,na
1779371768,na
1779371959,na
1779373041,na
1779373152,na
1779373387,na
1779373758,na
1779373790,na
1779373870,na
1779373972,na
1779374167,na
1779374252,na
1779374342,na
1779374529,na

1779384116,na
1779376720,na
1779372739,na
1779373470,na
1779374065,na
1779374090,na
1779374274,na
1779374444,na
1779374861,na
1779374965,na
1779375032,na
1779375180,na
1779375286,na
1779375409,na
1779375443,na
1779375500,na
1779375598,na
1779375711,na
1779375785,na
1779375838,na
1779375918,na
1779376025,na
1779376042,na
1779376179,na
1779376184,na
1779376238,na
1779376483,na
1779376543,na
1779376546,na
1779376560,na
1779376596,na
1779376661,na
1779385174,na
1779368863,na
1779373739,na
1779373922,na
1779374267,na
1779374270,na
1779374385,na
1779374605,na
1779374864,na
1779374890,na
1779374996,na
1779375090,na
1779375613,na
1779375808,na
1779375868,na
1779376016,na
1779376130,na
1779376176,na
1779385197,na
1779376503,na
1779373486,na
1779374086,na
1779374278,na
1779374456,na
1779374680,na
1779374737,na
1779374805,na
1779374942,na
1779375115,na
1779375250,na
1779375356,na
1779375433,na
1779375462,na
1779375551,na
1779375725,na
1779375787,na
1779375954,na
1779376113,na
1779377108,na
1779369093,na
1779373775,na
1779373964,na
1779374209,na
1779374382,na
1779374681,na
1779374967,na
1779374991,na
1779375140,na
1779375243,na
1779375513,na
1779375536,na
1779375599,na
1779375660,na
1779375813,na
1779375866,na
1779376041,na
1779376193,na
1779376234,na
1779376274,na
1779376456,na
1779376564,na
1779376604,na
1779376652,na
1779376717,na
1779376804,na
1779376891,na
1779377018,na
1779377080,na

1779378237,na
1779374051,na
1779374172,na
1779374394,na
1779375004,na
1779375039,na
1779375177,na
1779375556,na
1779375631,na
1779376133,na
1779376539,na
1779376742,na
1779376837,na
1779376950,na
1779377164,na
1779377352,na
1779377411,na
1779377524,na
1779377550,na
1779377577,na
1779377589,na
1779377623,na
1779377661,na
1779377741,na
1779377788,na
1779377811,na
1779377837,na
1779377993,na
1779378059,na
1779378088,na
1779378127,na
1779378170,na
1779378070,na
1779391814,na
1779373614,na
1779374079,na
1779374658,na
1779375111,na
1779375239,na
1779375620,na
1779376197,na
1779376466,na
1779376558,na
1779376653,na
1779376664,na
1779376918,na
1779377088,na
1779377182,na
1779377246,na
1779377268,na
1779377375,na
1779377408,na
1779377599,na
1779377722,na
1779377796,na
1779377808,na
1779377858,na
1779377863,na
1779377884,na
1779377933,na
1779378038,na
1779378851,na
1779375320,na
1779375867,na
1779376253,na
1779376278,na
1779376621,na
1779377104,na
1779377520,na
1779377619,na
1779377688,na
1779377691,na
1779377833,na
1779377979,na
1779378052,na
1779378131,na
1779378210,na
1779378340,na
1779378409,na
1779378723,na
1779378847,na
1779379324,na
1779374008,na
1779374455,na
1779375220,na
1779375737,na
1779376244,na
1779377086,na
1779377225,na
1779377436,na
1779377534,na
1779377696,na
1779377717,na
1779377787,na
1779377997,na
1779378243,na
1779378260,na
1779378281,na
1779378303,na
1779378349,na
1779378429,na
1779378483,na
1779378498,na
1779378595,na
1779378640,na
1779378756,na
1779378826,na
1779378868,na
1779378960,na
1779378996,na
1779379096,na
1779379146,na
1779379187,na
1779379202,na
1779379313,na

1779395592,na
1779375520,na
1779376637,na
1779376923,na
1779377395,na
1779377669,na
1779377732,na
1779377840,na
1779377876,na
1779378152,na
1779378273,na
1779378400,na
1779378441,na
1779378504,na
1779378651,na
1779378767,na
1779378817,na
1779379104,na
1779379141,na
1779379170,na
1779379199,na
1779379327,na
1779379662,na
1779379679,na
1779379690,na
1779396180,na
1779372327,na
1779376132,na
1779376286,na
1779376939,na
1779377348,na
1779377508,na
1779377598,na
1779377757,na
1779377903,na
1779378008,na
1779378053,na
1779378074,na
1779378154,na
1779378267,na
1779378481,na
1779378495,na
1779378665,na
1779378880,na
1779378925,na
1779378930,na
1779379114,na
1779379359,na
1779379467,na
1779379484,na
1779379496,na
1779379504,na
1779379548,na
1779379559,na
1779379655,na
1779379696,na
1779375430,na
1779375482,na
1779376555,na
1779377266,na
1779377412,na
1779377518,na
1779377836,na
1779378085,na
1779378202,na
1779378306,na
1779378492,na
1779378557,na
1779378593,na
1779378642,na
1779378739,na
1779379118,na
1779379229,na
1779379273,na
1779379479,na
1779379535,na
1779379687,na
1779379700,na
1779397018,na
1779376648,na
1779377158,na
1779378167,na
1779378238,na
1779378658,na
1779378717,na
1779378825,na
1779378977,na
1779379105,na
1779379210,na
1779379293,na
1779379360,na
1779379493,na
1779379547,na
1779379663,na
1779383212,na
1779383937,na
1779384247,na
1779384323,na

1779397862,na
1779385196,na
1779377662,na
1779378181,na
1779378339,na
1779378742,na
1779378955,na
1779379075,na
1779379476,na
1779379572,na
1779379652,na
1779379667,na
1779383124,na
1779383458,na
1779384358,na
1779385028,na
1779385095,na
1779387290,na
1779374526,na
1779377806,na
1779378412,na
1779378637,na
1779379155,na
1779379227,na
1779383810,na
1779384435,na
1779384890,na
1779384987,na
1779385038,na
1779385299,na
1779385402,na
1779385529,na
1779385703,na
1779385785,na
1779386114,na
1779386270,na
1779386362,na
1779386414,na
1779386579,na
1779386649,na
1779386667,na
1779386703,na
1779386809,na
1779386839,na
1779386848,na
1779386961,na
1779387025,na
1779387102,na
1779387200,na
1779387211,na
1779387301,na
1779377114,na
1779378609,na
1779378891,na
1779379575,na
1779384054,na
1779385121,na
1779385515,na
1779385650,na
1779385689,na
1779385749,na
1779385867,na
1779386145,na
1779386161,na
1779386351,na
1779386563,na
1779386650,na
1779386694,na
1779386954,na
1779387040,na
1779387123,na
1779387129,na
1779387198,na
1779387223,na
1779387915,na
1779400984,na
1779377932,na
1779378889,na
1779379093,na
1779379218,na
1779379281,na
1779379574,na
1779384590,na
1779384957,na
1779385751,na
1779385819,na
1779385852,na
1779385880,na
1779385931,na
1779385992,na
1779386027,na
1779386068,na
1779386353,na
1779386461,na
1779386659,na
1779386716,na
1779386935,na
1779387013,na
1779387047,na
1779387224,na
1779387327,na
1779387401,na
1779387471,na
1779387544,na
1779387620,na
1779387675,na
1779387757,na
1779387771,na
1779387788,na
1779387822,na
1779387850,na

1779387698,na
1779383857,na
1779385027,na
1779385840,na
1779386065,na
1779386500,na
1779386721,na
1779386850,na
1779386971,na
1779387116,na
1779387135,na
1779387428,na
1779387454,na
1779387530,na
1779387691,na
1779410267,na
1779388620,na
1779377248,na
1779378075,na
1779378397,na
1779379485,na
1779386108,na
1779386420,na
1779386635,na
1779386830,na
1779387114,na
1779387126,na
1779387299,na
1779387447,na
1779387520,na
1779387634,na
1779387772,na
1779387862,na
1779387900,na
1779387910,na
1779388001,na
1779388028,na
1779388100,na
1779388132,na
1779388165,na
1779388194,na
1779388271,na
1779388479,na
1779388561,na
1779411065,na
1779389041,na
1779378035,na
1779379728,na
1779385563,na
1779386349,na
1779386955,na
1779387155,na
1779387206,na
1779387324,na
1779387436,na
1779387522,na
1779387648,na
1779387725,na
1779387817,na
1779387890,na
1779387976,na
1779387997,na
1779388109,na
1779388244,na
1779388354,na
1779388391,na
1779388475,na
1779388491,na
1779388537,na
1779388615,na
1779388666,na
1779388710,na
1779388804,na
1779388865,na
1779388983,na
1779388990,na
1779411084,na
1779378112,na
1779378840,na
1779385413,na
1779385882,na
1779386638,na
1779386824,na
1779386863,na
1779387361,na
1779387439,na
1779387590,na
1779387798,na
1779388143,na
1779388265,na
1779388375,na
1779388457,na
1779388492,na
1779388528,na
1779388573,na
1779388579,na
1779388618,na
1779388719,na
1779388831,na
1779388969,na
1779389055,na
1779389124,na
1779389168,na
1779389340,na
1779389419,na

1779412159,na
1779379142,na
1779385724,na
1779385955,na
1779386330,na
1779387210,na
1779387406,na
1779387535,na
1779387565,na
1779388075,na
1779388281,na
1779388341,na
1779388402,na
1779388477,na
1779388610,na
1779388920,na
1779388974,na
1779389200,na
1779389318,na
1779389401,na
1779389502,na
1779389530,na
1779395479,na
1779395870,na
1779396418,na
1779398507,na
1779412192,na
1779387138,na
1779387208,na
1779387674,na
1779387846,na
1779387962,na
1779388235,na
1779388289,na
1779388585,na
1779388626,na
1779388718,na
1779388758,na
1779388882,na
1779388997,na
1779389060,na
1779389273,na
1779389291,na
1779389447,na
1779389541,na
1779389560,na
1779389612,na
1779389638,na
1779396833,na
1779397874,na
1779398328,na
1779412558,na
1779399498,na
1779387391,na
1779387640,na
1779387927,na
1779388180,na
1779388351,na
1779388712,na
1779388975,na
1779389074,na
1779389136,na
1779389409,na
1779389474,na
1779389549,na
1779389663,na
1779395947,na
1779397048,na
1779397711,na
1779397891,na
1779398010,na
1779398391,na
1779398817,na
1779399039,na
1779399171,na
1779399183,na
1779399413,na
1779399452,na
1779413304,na
1779386626,na
1779387095,na
1779387706,na
1779388252,na
1779388369,na
1779388704,na
1779389059,na
1779389274,na
1779389322,na
1779389490,na
1779389568,na
1779389705,na
1779398290,na
1779398419,na
1779398644,na
1779398897,na
1779399009,na
1779399285,na
1779399363,na
1779399467,na
1779400198,na
1779401172,na

1779385873,na
1779386931,na
1779387636,na
1779387991,na
1779388322,na
1779388468,na
1779388530,na
1779388723,na
1779389149,na
1779389190,na
1779389352,na
1779389507,na
1779397999,na
1779399309,na
1779399530,na
1779399681,na
1779399731,na
1779403742,na
1779403789,na
1779413972,na
1779387122,na
1779388058,na
1779388107,na
1779388250,na
1779388280,na
1779388313,na
1779388335,na
1779388650,na
1779389374,na
1779389686,na
1779398622,na
1779399076,na
1779399466,na
1779399703,na
1779401302,na
1779401551,na
1779403750,na
1779404357,na
1779413930,na
1779386028,na
1779387125,na
1779388129,na
1779388243,na
1779389248,na
1779389676,na
1779398399,na
1779399292,na
1779399377,na
1779400764,na
1779401389,na
1779403744,na
1779403795,na
1779404342,na
1779414141,na
1779386743,na
1779387359,na
1779387834,na
1779389021,na
1779389461,na
1779393099,na
1779396786,na
1779398107,na
1779398546,na
1779399428,na
1779404372,na
1779404421,na

1779414701,na
1779404445,na
1779388971,na
1779389357,na
1779403793,na
1779404367,na
1779404434,na
1779416225,na
1779386483,na
1779388538,na
1779388888,na
1779398544,na
1779404327,na
1779404354,na
1779404502,na
1779404514,na
1779404539,na
1779404580,na
1779404605,na
1779404850,na
1779404870,na
1779405002,na
1779405158,na
1779404959,na
1779389283,na
1779399444,na
1779404383,na
1779404433,na
1779404493,na
1779404632,na
1779404705,na
1779404853,na
1779404928,na
1779404938,na
1779406421,na
1779416587,na
1779389390,na
1779398146,na
1779399583,na
1779404418,na
1779404659,na
1779404857,na
1779404954,na
1779404970,na
1779405284,na
1779405394,na
1779405405,na
1779405478,na
1779405513,na
1779405570,na
1779405728,na
1779405748,na
1779405783,na
1779405891,na
1779405928,na
1779406001,na
1779406026,na
1779406116,na
1779406357,na

1779417791,na
1779399722,na
1779404453,na
1779404693,na
1779404742,na
1779404865,na
1779404967,na
1779405104,na
1779405341,na
1779405395,na
1779405616,na
1779405837,na
1779406008,na
1779406035,na
1779406269,na
1779406447,na
1779406572,na
1779406625,na
1779407064,na
1779404441,na
1779404503,na
1779404860,na
1779404989,na
1779405398,na
1779405477,na
1779405533,na
1779405598,na
1779405908,na
1779406028,na
1779406169,na
1779406292,na
1779406541,na
1779406628,na
1779406697,na
1779406712,na
1779406820,na
1779406900,na
1779406966,na
1779406977,na
1779407684,na
1779421722,na
1779399419,na
1779404337,na
1779404534,na
1779404543,na
1779404845,na
1779404897,na
1779405095,na
1779405184,na
1779405313,na
1779405809,na
1779405913,na
1779405998,na
1779406354,na
1779406498,na
1779406591,na
1779406688,na
1779406891,na
1779407023,na
1779407112,na
1779407171,na
1779407322,na
1779407480,na
1779407483,na
1779407596,na
1779407659,na
1779407830,na
1779424171,na
1779397350,na
1779404526,na
1779404776,na
1779404962,na
1779405097,na
1779405302,na
1779405393,na
1779405443,na
1779406165,na
1779406606,na
1779406689,na
1779406717,na
1779406726,na
1779406781,na
1779406850,na
1779406954,na
1779407027,na
1779407133,na
1779407249,na
1779407258,na
1779407422,na
1779407424,na
1779407459,na
1779407507,na
1779407516,na
1779407582,na
1779407681,na
1779407772,na

1779409286,na
1779426874,na
1779404393,na
1779405605,na
1779405802,na
1779405890,na
1779406339,na
1779406546,na
1779406589,na
1779406881,na
1779406906,na
1779407017,na
1779407156,na
1779407301,na
1779407704,na
1779407831,na
1779407940,na
1779408055,na
1779408283,na
1779408308,na
1779408334,na
1779408439,na
1779408445,na
1779408473,na
1779408524,na
1779408547,na
1779408665,na
1779408780,na
1779408789,na
1779408878,na
1779409066,na
1779409120,na
1779409197,na
1779409224,na
1779409277,na
1779427384,na
1779405277,na
1779405439,na
1779405822,na
1779406123,na
1779406268,na
1779406462,na
1779406543,na
1779406790,na
1779407232,na
1779407495,na
1779407609,na
1779407653,na
1779407696,na
1779407778,na
1779407824,na
1779407863,na
1779407959,na
1779408015,na
1779408216,na
1779408296,na
1779408326,na
1779408356,na
1779408436,na
1779408492,na
1779408660,na
1779408761,na
1779408883,na
1779409084,na
1779409116,na
1779413214,na
1779406871,na
1779407213,na
1779407649,na
1779407743,na
1779407814,na
1779407846,na
1779407859,na
1779407981,na
1779408002,na
1779408183,na
1779408453,na
1779408539,na
1779408671,na
1779408774,na
1779408922,na
1779408935,na
1779409113,na
1779409191,na
1779409292,na
1779409345,na
1779409377,na
1779409533,na
1779409548,na
1779409573,na
1779409650,na
1779409671,na
1779412129,na
1779412867,na
1779429017,na
1779409686,na
1779404536,na
1779406459,na
1779406611,na
1779406769,na
1779406865,na
1779407146,na
1779407447,na
1779407711,na
1779407790,na
1779407945,na
1779408307,na
1779408335,na
1779408340,na
1779408437,na
1779408701,na
1779408755,na
1779408782,na
1779408888,na
1779409071,na
1779409196,na
1779409225,na
1779409266,na
1779409295,na
1779409382,na
1779409399,na
1779409404,na
1779409484,na
1779409672,na

1779430833,na
1779416203,na
1779405180,na
1779406507,na
1779406774,na
1779407060,na
1779407498,na
1779407682,na
1779407979,na
1779408091,na
1779408297,na
1779408435,na
1779408464,na
1779408921,na
1779409080,na
1779409223,na
1779409245,na
1779409542,na
1779409550,na
1779409574,na
1779409688,na
1779412564,na
1779413974,na
1779414205,na
1779414489,na
1779415402,na
1779415754,na
1779415927,na
1779416086,na
1779417241,na
1779431138,na
1779406170,na
1779407036,na
1779407580,na
1779408103,na
1779408354,na
1779408489,na
1779408514,na
1779408805,na
1779408898,na
1779408934,na
1779409117,na
1779409208,na
1779409287,na
1779409397,na
1779409528,na
1779409576,na
1779409682,na
1779413992,na
1779414156,na
1779415018,na
1779415306,na
1779415609,na
1779415640,na
1779415771,na
1779416077,na
1779416227,na
1779416518,na
1779416648,na
1779416800,na
1779416868,na
1779416942,na
1779416967,na
1779417123,na
1779432065,na
1779416326,na
1779405776,na
1779406832,na
1779407998,na
1779409082,na
1779409096,na
1779409269,na
1779409424,na
1779409556,na
1779409581,na
1779409653,na
1779415310,na
1779415472,na
1779415670,na
1779416150,na
1779433518,na
1779418661,na
1779407073,na
1779407416,na
1779408269,na
1779408282,na
1779408455,na
1779408465,na
1779408760,na
1779409234,na
1779409278,na
1779409389,na
1779409469,na
1779409482,na
1779409657,na
1779409705,na
1779413594,na
1779414395,na
1779415458,na
1779415900,na
1779416370,na
1779416620,na
1779416864,na
1779416995,na
1779417374,na
1779417500,na
1779417621,na
1779417736,na
1779417927,na
1779418017,na
1779418229,na
1779418289,na
1779418444,na
1779418564,na

1779439958,na
1779419585,na
1779406767,na
1779408191,na
1779408532,na
1779409400,na
1779409538,na
1779416293,na
1779416698,na
1779417132,na
1779417285,na
1779417333,na
1779417970,na
1779417994,na
1779418105,na
1779418192,na
1779418230,na
1779418321,na
1779418432,na
1779418567,na
1779418719,na
1779418856,na
1779418935,na
1779419058,na
1779419106,na
1779419264,na
1779419283,na
1779419349,na
1779419365,na
1779419510,na
1779419583,na
1779441214,na
1779407142,na
1779409407,na
1779409666,na
1779414834,na
1779414979,na
1779415698,na
1779416138,na
1779416829,na
1779417062,na
1779417610,na
1779418209,na
1779418536,na
1779418686,na
1779418747,na
1779418787,na
1779418872,na
1779418927,na
1779419041,na
1779419078,na
1779419101,na
1779419128,na
1779419317,na
1779419341,na
1779419442,na
1779419447,na
1779419465,na
1779419500,na
1779419544,na
1779440956,na
1779405247,na
1779406502,na
1779408470,na
1779409104,na
1779409259,na
1779409408,na
1779415362,na
1779415561,na
1779416376,na
1779416531,na
1779416866,na
1779417345,na
1779417437,na
1779417566,na
1779417968,na
1779418050,na
1779418176,na
1779418181,na
1779418660,na
1779418697,na
1779418859,na
1779418973,na
1779419051,na
1779419127,na
1779419315,na
1779419369,na
1779419471,na
1779419620,na
1779419629,na
1779419693,na
1779419720,na
1779425068,na
1779425843,na
1779427386,na
1779441298,na
1779426909,na
1779407071,na
1779408187,na
1779408770,na
1779409097,na
1779409263,na
1779409415,na
1779415676,na
1779416405,na
1779416615,na
1779417116,na
1779417315,na
1779417599,na
1779417797,na
1779418200,na
1779418335,na
1779418868,na
1779418929,na
1779418942,na
1779419081,na
1779419131,na
1779419230,na
1779419279,na
1779419340,na
1779419357,na
1779419587,na
1779419636,na

1779442900,na
1779408313,na
1779409423,na
1779415634,na
1779416283,na
1779417416,na
1779417497,na
1779418135,na
1779418523,na
1779418963,na
1779419032,na
1779419104,na
1779419322,na
1779419434,na
1779419499,na
1779419596,na
1779419706,na
1779428524,na
1779428926,na
1779429027,na
1779429386,na
1779429525,na
1779429817,na
1779430022,na
1779408050,na
1779415056,na
1779417406,na
1779418108,na
1779418331,na
1779418404,na
1779418881,na
1779418936,na
1779419043,na
1779419118,na
1779419220,na
1779419250,na
1779419342,na
1779419417,na
1779419480,na
1779419702,na
1779427944,na
1779429501,na
1779430731,na
1779430923,na
1779431050,na
1779431216,na
1779432748,na
1779442994,na
1779417584,na
1779418211,na
1779418852,na
1779419366,na
1779419418,na
1779419440,na
1779419547,na
1779428196,na
1779428336,na
1779428821,na
1779429592,na
1779429849,na
1779430497,na
1779430869,na
1779431863,na
1779432177,na
1779432232,na
1779432306,na
1779444604,na
1779433712,na
1779417761,na
1779418664,na
1779418867,na
1779419238,na
1779419275,na
1779419524,na
1779419700,na
1779428424,na
1779430296,na
1779430535,na
1779430948,na
1779432199,na
1779432292,na
1779432547,na
1779432624,na
1779432743,na
1779432950,na
1779433068,na
1779433299,na
1779433469,na
1779433696,na

1779434162,na
1779418782,na
1779419107,na
1779419522,na
1779429250,na
1779429669,na
1779430333,na
1779431569,na
1779432450,na
1779432872,na
1779432933,na
1779433107,na
1779433366,na
1779433423,na
1779433534,na
1779433577,na
1779433604,na
1779433703,na
1779433768,na
1779433832,na
1779433870,na
1779433887,na
1779433973,na
1779434014,na
1779434130,na
1779445621,na
1779435143,na
1779409442,na
1779418718,na
1779419533,na
1779419589,na
1779429591,na
1779431473,na
1779431719,na
1779432219,na
1779432417,na
1779432459,na
1779432576,na
1779432889,na
1779433208,na
1779433311,na
1779433481,na
1779433527,na
1779433634,na
1779433795,na
1779433996,na
1779434157,na
1779434285,na
1779434304,na
1779434353,na
1779434502,na
1779434614,na
1779434847,na
1779434961,na
1779435009,na
1779446009,na
1779429034,na
1779430150,na
1779431068,na
1779432869,na
1779432931,na
1779433003,na
1779433164,na
1779433356,na
1779433483,na
1779433613,na
1779433892,na
1779434022,na
1779434106,na
1779434276,na
1779434521,na
1779436244,na
1779417222,na
1779418342,na
1779418662,na
1779419045,na
1779419546,na
1779431516,na
1779433160,na
1779433257,na
1779433466,na
1779433739,na
1779433929,na
1779434093,na
1779434350,na
1779434592,na
1779434625,na
1779434750,na
1779434857,na
1779434951,na
1779435013,na
1779435057,na
1779435077,na
1779435197,na
1779435213,na
1779435324,na
1779435382,na
1779435645,na
1779435791,na
1779435798,na
1779435831,na
1779435870,na
1779435887,na
1779435919,na
1779435986,na
1779436148,na

1779437427,na
1779418216,na
1779432862,na
1779433453,na
1779434104,na
1779434371,na
1779434943,na
1779435414,na
1779435817,na
1779435894,na
1779436114,na
1779436149,na
1779436384,na
1779436430,na
1779436434,na
1779436470,na
1779436527,na
1779436548,na
1779436611,na
1779436686,na
1779436803,na
1779436895,na
1779437053,na
1779437207,na
1779437258,na
1779437360,na
1779437399,na
1779437422,na
1779437441,na
1779419276,na
1779431270,na
1779432402,na
1779433172,na
1779433758,na
1779434328,na
1779434682,na
1779434957,na
1779435148,na
1779435278,na
1779435320,na
1779435511,na
1779435676,na
1779435835,na
1779435902,na
1779435929,na
1779436382,na
1779436486,na
1779436568,na
1779436605,na
1779436642,na
1779436657,na
1779436678,na
1779436828,na
1779436953,na
1779437067,na
1779437237,na
1779437274,na
1779437377,na
1779437426,na
1779437665,na
1779433171,na
1779433760,na
1779433906,na
1779434224,na
1779434306,na
1779434522,na
1779434701,na
1779434922,na
1779435352,na
1779435483,na
1779435631,na
1779435804,na
1779435826,na
1779435917,na
1779436060,na
1779436212,na
1779436280,na
1779436416,na
1779436465,na
1779436598,na
1779436641,na
1779436712,na
1779436929,na
1779437011,na
1779437085,na
1779437143,na
1779437151,na
1779437166,na
1779437264,na
1779437369,na
1779437430,na
1779437471,na
1779437501,na
1779437506,na
1779437522,na
1779437588,na
1779437599,na
1779453542,na
1779438480,na
1779418789,na
1779432173,na
1779434111,na
1779434155,na
1779434443,na
1779434537,na
1779435124,na
1779435298,na
1779435484,na
1779435646,na
1779435760,na
1779435899,na
1779436027,na
1779436113,na
1779436532,na
1779436612,na
1779436688,na
1779436775,na
1779436913,na
1779437097,na
1779437157,na
1779437232,na
1779437277,na
1779437367,na
1779437557,na
1779437604,na
1779437656,na
1779437748,na
1779437770,na
1779437824,na
1779437840,na
1779437847,na
1779437872,na
1779438037,na
1779438080,na
1779438157,na
1779438329,na
1779438349,na

1779438667,na
1779454349,na
1779429519,na
1779434900,na
1779435800,na
1779436062,na
1779436163,na
1779436362,na
1779436640,na
1779436788,na
1779436881,na
1779436976,na
1779437056,na
1779437197,na
1779437507,na
1779437564,na
1779437597,na
1779437712,na
1779437810,na
1779438066,na
1779438191,na
1779438323,na
1779438347,na
1779438588,na
1779438621,na
1779438656,na
1779439242,na
1779456677,na
1779418122,na
1779434551,na
1779434886,na
1779435722,na
1779436072,na
1779436190,na
1779436471,na
1779436833,na
1779437052,na
1779437187,na
1779437382,na
1779437443,na
1779437527,na
1779437579,na
1779437650,na
1779437832,na
1779438061,na
1779438276,na
1779438485,na
1779438529,na
1779438607,na
1779438622,na
1779438697,na
1779438777,na
1779438790,na
1779438836,na
1779438919,na
1779439035,na
1779439049,na
1779439134,na
1779439178,na
1779457407,na
1779439657,na
1779433893,na
1779436084,na
1779436155,na
1779436392,na
1779436426,na
1779436699,na
1779436819,na
1779436979,na
1779437083,na
1779437260,na
1779437350,na
1779437428,na
1779437455,na
1779437508,na
1779437666,na
1779437745,na
1779438040,na
1779438325,na
1779438491,na
1779438655,na
1779438764,na
1779438829,na
1779438933,na
1779438970,na
1779439177,na
1779439259,na
1779439288,na
1779439376,na
1779439435,na
1779439482,na
1779439538,na
1779439560,na
1779439613,na
1779439628,na
1779439642,na
1779439649,na
1779458449,na
1779432246,na
1779435942,na
1779436476,na
1779436555,na
1779436808,na
1779436827,na
1779437007,na
1779437518,na
1779437663,na
1779437738,na
1779438293,na
1779438335,na
1779438490,na
1779438502,na
1779438573,na
1779438601,na
1779438717,na
1779438883,na
1779439091,na
1779439194,na
1779439262,na
1779439436,na
1779439475,na
1779439564,na
1779439635,na

1779447384,na
1779435803,na
1779436960,na
1779437581,na
1779438187,na
1779438478,na
1779438595,na
1779438762,na
1779439050,na
1779439230,na
1779439483,na
1779439597,na
1779439632,na
1779443054,na
1779445093,na
1779445797,na
1779446644,na
1779446810,na
1779446899,na
1779446984,na
1779432986,na
1779438021,na
1779438706,na
1779438739,na
1779439281,na
1779439318,na
1779439471,na
1779444976,na
1779445214,na
1779445725,na
1779445984,na
1779446796,na
1779447918,na
1779448110,na
1779472395,na
1779448876,na
1779436624,na
1779436806,na
1779438827,na
1779438963,na
1779439042,na
1779439150,na
1779439319,na
1779439468,na
1779439600,na
1779444672,na
1779446057,na
1779446331,na
1779446641,na
1779447220,na
1779448276,na
1779448358,na
1779448401,na
1779448428,na
1779448751,na
1779448811,na
1779438714,na
1779438931,na
1779439418,na
1779439516,na
1779439579,na
1779439639,na
1779443282,na
1779446411,na
1779446966,na
1779447200,na
1779447659,na
1779447697,na
1779448413,na
1779449187,na
1779449352,na
1779449603,na

1779480892,na
1779447910,na
1779448286,na
1779448881,na
1779449316,na
1779438582,na
1779438967,na
1779447945,na
1779448367,na
1779448638,na
1779448769,na
1779449122,na
1779449596,na
1779449687,na
1779452915,na
1779481898,na
1779439028,na
1779439062,na
1779439444,na
1779443301,na
1779444192,na
1779447368,na
1779448129,na
1779448233,na
1779449074,na
1779449139,na
1779449666,na
1779456162,na
1779457353,na
1779457580,na
1779457665,na
1779457682,na
1779457893,na
1779458519,na
1779458536,na
1779458629,na
1779458701,na
1779448126,na
1779449569,na
1779456199,na
1779456554,na
1779458777,na

1779459302,na
1779459556,na
1779469907,na
1779470227,na
1779448315,na
1779449378,na
1779452031,na
1779439462,na
1779458702,na
1779458396,na
1779458963,na
1779472684,na
1779472784,na
1779473382,na
1779473562,na

1779485265,na
1779474353,na
1779459017,na
1779470902,na
1779471587,na
1779472759,na
1779473425,na
1779473524,na
1779473911,na
1779473960,na
1779473999,na
1779474125,na
1779474352,na
1779475059,na
1779472506,na
1779472899,na
1779473547,na
1779474090,na
1779474311,na
1779474847,na
1779474981,na
1779448626,na
1779472753,na
1779473969,na
1779474328,na
1779475077,na
1779475232,na
1779475528,na
1779475549,na
1779475925,na
1779476100,na
1779456763,na
1779470696,na
1779473437,na
1779474200,na
1779475264,na
1779475539,na
1779475840,na
1779475960,na
1779476103,na

1779489053,na
1779458927,na
1779473472,na
1779475349,na
1779475839,na
1779475914,na
1779476091,na
1779476321,na
1779476922,na
1779476954,na
1779477136,na
1779472755,na
1779472935,na
1779473670,na
1779473762,na
1779474268,na
1779474297,na
1779474645,na
1779475048,na
1779475162,na
1779475411,na
1779475518,na
1779475801,na
1779476102,na
1779476215,na
1779476396,na
1779476500,na
1779476529,na
1779476538,na
1779476592,na
1779476693,na
1779476894,na
1779477904,na
1779475182,na
1779475880,na
1779475955,na
1779476184,na
1779476575,na
1779476615,na
1779476778,na
1779476801,na
1779476875,na
1779476936,na
1779476961,na
1779477067,na
1779477118,na
1779477212,na
1779477467,na
1779477604,na
1779477763,na
1779477857,na
1779494495,na
1779472810,na
1779475992,na
1779476122,na
1779476200,na
1779476309,na
1779476399,na
1779476436,na
1779477322,na

1779459695,na
1779474454,na
1779475228,na
1779475583,na
1779476501,na
1779476589,na
1779476607,na
1779476687,na
1779476792,na
1779476810,na
1779476903,na
1779477303,na
1779477749,na
1779477803,na
1779477887,na
1779477907,na
1779477993,na
1779478116,na
1779478309,na
1779478489,na
1779478527,na
1779478542,na
1779478808,na
1779479024,na
1779479116,na
1779479248,na
1779479443,na
1779476115,na
1779477622,na
1779477719,na
1779477809,na
1779478341,na
1779478607,na
1779478620,na
1779478902,na
1779479020,na
1779479461,na
1779481513,na
1779498987,na
1779474241,na
1779474886,na
1779476177,na
1779476242,na
1779476329,na
1779476685,na
1779476940,na
1779477095,na
1779477286,na
1779477349,na
1779477506,na
1779477621,na
1779477765,na
1779477978,na
1779478242,na
1779478246,na
1779478261,na
1779478491,na
1779478523,na
1779478626,na
1779478737,na
1779478828,na
1779479010,na
1779479018,na
1779479246,na
1779479483,na
1779479510,na
1779500582,na
1779474329,na
1779475821,na
1779475995,na
1779477651,na
1779477893,na
1779478517,na
1779478637,na
1779478712,na
1779479138,na
1779479506,na
1779485703,na

1779501669,na
1779476287,na
1779476840,na
1779477585,na
1779479165,na
1779479725,na
1779485642,na
1779503205,na
1779486379,na
1779478580,na
1779478797,na
1779478859,na
1779478956,na
1779479464,na
1779479598,na
1779485877,na
1779510405,na
1779478954,na
1779479048,na
1779486343,na
1779487336,na
1779487608,na
1779487699,na
1779488911,na
1779488948,na
1779489234,na
1779489349,na
1779489469,na
1779489536,na
1779511273,na
1779476929,na
1779479457,na
1779488358,na
1779488494,na

1779512523,na
1779497693,na
1779484324,na
1779488734,na
1779489652,na
1779493781,na
1779495647,na
1779496794,na
1779497094,na
1779497475,na
1779511246,na
1779488501,na
1779476027,na
1779478199,na
1779478830,na
1779479265,na
1779479493,na
1779479599,na
1779487035,na
1779487819,na
1779488419,na
1779488767,na
1779488993,na
1779489440,na
1779496253,na
1779497905,na
1779498776,na
1779498861,na
1779498899,na
1779499121,na
1779513866,na
1779477277,na
1779489164,na
1779498247,na
1779498422,na
1779498521,na
1779498907,na

1779503317,na
1779478723,na
1779497529,na
1779498460,na
1779498612,na
1779498800,na
1779498909,na
1779499042,na
1779499632,na
1779501189,na
1779501772,na
1779501985,na
1779502371,na
1779503211,na
1779516061,na
1779488336,na
1779489116,na
1779489165,na
1779496125,na
1779498148,na
1779499076,na
1779499181,na
1779499624,na
1779501951,na
1779502326,na
1779502455,na
1779503004,na
1779503207,na
1779503231,na
1779503596,na
1779503625,na
1779503718,na
1779488012,na
1779497661,na
1779498234,na
1779499064,na
1779499734,na
1779499993,na
1779500401,na
1779501838,na
1779502263,na
1779502828,na
1779503226,na
1779503410,na
1779503603,na
1779516783,na
1779504560,na
1779489530,na
1779497915,na
1779498480,na
1779499379,na
1779503125,na
1779503417,na
1779503454,na
1779503783,na
1779503850,na
1779504160,na
1779504437,na

1779497328,na
1779498719,na
1779501706,na
1779502305,na
1779502798,na
1779502867,na
1779503077,na
1779503866,na
1779504054,na
1779504178,na
1779504435,na
1779504529,na
1779504773,na
1779479458,na
1779499245,na
1779499717,na
1779502924,na
1779504321,na
1779504802,na
1779504925,na
1779505316,na
1779505486,na
1779505895,na
1779505544,na
1779498198,na
1779498410,na
1779504567,na
1779504872,na
1779505485,na
1779506864,na
1779497534,na
1779498836,na
1779502917,na
1779504285,na
1779504849,na
1779505898,na
1779506086,na
1779506590,na
1779506633,na
1779506758,na

1779496450,na
1779506054,na
1779506285,na
1779506549,na
1779506797,na
1779507044,na
1779508512,na
1779502808,na
1779503787,na
1779504186,na
1779504469,na
1779504819,na
1779504941,na
1779505052,na
1779505418,na
1779506115,na
1779506519,na
1779506642,na
1779506757,na
1779506890,na
1779507084,na
1779507149,na
1779507247,na
1779507295,na
1779507635,na
1779507662,na
1779508000,na
1779508166,na
1779508309,na
1779508360,na
1779507639,na
1779504170,na
1779504818,na
1779504841,na
1779506186,na
1779506933,na
1779507248,na
1779507620,na
1779504065,na
1779506100,na
1779506557,na
1779507214,na
1779507378,na
1779508225,na
1779508356,na
1779508754,na
1779509017,na
1779509440,na

1779502256,na
1779506323,na
1779506626,na
1779506702,na
1779507874,na
1779508409,na
1779508603,na
1779508709,na
1779509082,na
1779516592,na
1779532243,na
1779506198,na
1779506750,na
1779507206,na
1779508034,na
1779508592,na
1779508680,na
1779509228,na
1779515006,na
1779515158,na
1779515638,na
1779505731,na
1779505835,na
1779506366,na
1779507062,na
1779507199,na
1779507546,na
1779508010,na
1779508505,na
1779509180,na
1779509190,na
1779509220,na
1779509403,na
1779509423,na
1779509449,na
1779509539,na
1779515193,na
1779515530,na
1779505951,na
1779508773,na
1779508815,na
1779509108,na
1779509715,na

1779506192,na
1779506581,na
1779508313,na
1779508696,na
1779508768,na
1779509198,na
1779509465,na
1779509573,na
1779516759,na
1779517053,na
1779518502,na
1779519367,na
1779506091,na
1779508369,na
1779508736,na
1779509579,na
1779515163,na
1779517626,na
1779542360,na
1779509433,na
1779509723,na
1779513885,na
1779516322,na
1779517723,na
1779518059,na
1779519603,na
1779524604,na
1779524930,na
1779527221,na
1779527827,na
